falco-5jnqb,10.42.1.12
falco-vgrv4,10.42.0.20
continuous-image-puller-gr6v7,10.42.1.23
continuous-image-puller-jc6g8,10.42.0.38
hub-56b989466-hkj27,10.42.0.40
proxy-867c747549-vl52d,10.42.1.25
user-scheduler-5f7b556d7f-84jqb,10.42.0.39
user-scheduler-5f7b556d7f-rj6kx,10.42.1.26
coredns-7b98449c4-72tg7,10.42.0.3
local-path-provisioner-595dcfc56f-8g2kx,10.42.0.4
metrics-server-cdcc87586-l4xg5,10.42.0.2
svclb-proxy-public-577307ee-kcdgl,10.42.1.24
svclb-proxy-public-577307ee-ssdzc,10.42.0.37
csi-attacher-698944d5b-62h27,10.42.1.7
csi-attacher-698944d5b-vljbv,10.42.0.11
csi-attacher-698944d5b-wk777,10.42.0.12
csi-provisioner-b98c99578-9fk58,10.42.0.13
csi-provisioner-b98c99578-dkvz7,10.42.1.8
csi-provisioner-b98c99578-v2ssk,10.42.0.14
csi-resizer-7474b7b598-4z446,10.42.0.16
csi-resizer-7474b7b598-9d9s6,10.42.1.9
csi-resizer-7474b7b598-bhp7s,10.42.0.15
csi-snapshotter-774467fdc7-fmp7s,10.42.1.10
csi-snapshotter-774467fdc7-k4fkr,10.42.0.18
csi-snapshotter-774467fdc7-tftql,10.42.0.17
engine-image-ei-51cc7b9c-7b2z2,10.42.1.5
engine-image-ei-51cc7b9c-v6nb5,10.42.0.7
instance-manager-e9c6d4b2788e92dcffbadb4b6dee156b,10.42.0.8
instance-manager-ffb1edd8a3a183aa168903fce35025a7,10.42.1.6
longhorn-csi-plugin-5pkq8,10.42.0.19
longhorn-csi-plugin-p5tkm,10.42.1.11
longhorn-driver-deployer-7d77d779dd-q2dws,10.42.1.2
longhorn-manager-9r7xw,10.42.1.4
longhorn-manager-hchzj,10.42.0.5
longhorn-ui-7c784d8587-gg29z,10.42.1.3
longhorn-ui-7c784d8587-mbfrg,10.42.0.6
operator-6797766f44-gpkb2,10.42.0.21
ts-longhorn-frontend-fp8d5-0,10.42.0.23
ts-proxy-public-x2dsj-0,10.42.1.28
kubernetes,10.43.0.1
hub,10.43.159.130
proxy-api,10.43.201.124
proxy-public,10.43.137.85
kube-dns,10.43.0.10
metrics-server,10.43.145.142
longhorn-admission-webhook,10.43.67.117
longhorn-backend,10.43.195.174
longhorn-conversion-webhook,10.43.129.213
longhorn-frontend,10.43.59.144
longhorn-recovery-backend,10.43.180.188
pi4b-8gb-ead551,192.168.3.109
pi4b-4gb-ae0d0c,192.168.3.135
